assay_id,protein_id,phenotype_type,wildtype_sequence,seq_len,n_variants,n_multi
A4_HUMAN_Seuma_2022,A4_HUMAN,DMS_score,MLPGLALLLLAAWTARALEVPTDGNAGLLAEPQIAMFCGRLNMHMNVQNGKWDSDPSGTKTCIDTKEGILQYCQEVYPELQITNVVEANQPVTIQNWCKRGRKQCKTHPHFVIPYRCLVGEFVSDALLVPDKCKFLHQERMDVCETHLHWHTVAKETCSEKSTNLHDYGMLLPCGIDKFRGVEFVCCPLAEESDNVDSADAEEDDSDVWWGGADTDYADGSEDKVVEVAEEEEVAEVEEEEADDDEDDEDGDEVEEEAEEPYEEATERTTSIATTTTTTTESVEEVVREVCSEQAETGPCRAMISRWYFDVTEGKCAPFFYGGCGGNRNNFDTEEYCMAVCGSAMSQSLLKTTQEPLARDPVKLPTTAASTPDAVDKYLETPGDENEHAHFQKAKERLEAKHRERMSQVMREWEEAERQAKNLPKADKKAVIQHFQEKVESLEQEAANERQQLVETHMARVEAMLNDRRRLALENYITALQAVPPRPRHVFNMLKKYVRAEQKDRQHTLKHFEHVRMVDPKKAAQIRSQVMTHLRVIYERMNQSLSLLYNVPAVAEEIQDEVDELLQKEQNYSDDVLANMISEPRISYGNDALMPSLTETKTTVELLPVNGEFSLDDLQPWHSFGADSVPANTENEVEPVDARPAADRGLTTRPGSGLTNIKTEEISEVKMDAEFRHDSGYEVHHQKLVFFAEDVGSNKGAIIGLMVGGVVIATVIVITLVMLKKKQYTSIHHGVVEVDAAVTPEERHLSKMQQNGYENPTYKFFEQMQN,770,14811,14015
CAPSD_AAV2S_Sinai_2021,CAPSD_AAV2S,DMS_score,MAADGYLPDWLEDTLSEGIRQWWKLKPGPPPPKPAERHKDDSRGLVLPGYKYLGPFNGLDKGEPVNEADAAALEHDKAYDRQLDSGDNPYLKYNHADAEFQERLKEDTSFGGNLGRAVFQAKKRVLEPLGLVEEPVKTAPGKKRPVEHSPVEPDSSSGTGKAGQQPARKRLNFGQTGDADSVPDPQPLGQPPAAPSGLGTNTMATGSGAPMADNNEGADGVGNSSGNWHCDSTWMGDRVITTSTRTWALPTYNNHLYKQISSQSGASNDNHYFGYSTPWGYFDFNRFHCHFSPRDWQRLINNNWGFRPKRLNFKLFNIQVKEVTQNDGTTTIANNLTSTVQVFTDSEYQLPYVLGSAHQGCLPPFPADVFMVPQYGYLTLNNGSQAVGRSSFYCLEYFPSQMLRTGNNFTFSYTFEDVPFHSSYAHSQSLDRLMNPLIDQYLYYLSRTNTPSGTTTQSRLQFSQAGASDIRDQSRNWLPGPCYRQQRVSKTSADNNNSEYSWTGATKYHLNGRDSLVNPGPAMASHKDDEEKFFPQSGVLIFGKQGSEKTNVDIEKVMITDEEEIRTTNPVATEQYGSVSTNLQRGNRQAATADVNTQGVLPGMVWQDRDVYLQGPIWAKIPHTDGHFHPSPLMGGFGLKHPPPQILIKNTPVPANPSTTFSAAKFASFITQYSTGQVSVEIEWELQKENSKRWNPEIQYTSNYNKSVNVDFTVDTNGVYSEPRPIGTRYLTRNL,735,42328,41796
D7PM05_CLYGR_Somermeyer_2022,D7PM05_CLYGR,DMS_score,MTALTEGAKLFEKEIPYITELEGDVEGMKFIIKGEGTGDATTGTIKAKYICTTGDLPVPWATILSSLSYGVFCFAKYPRHIADFFKSTQPDGYSQDRIISFDNDGQYDVKAKVTYENGTLYNRVTVKGTGFKSNGNILGMRVLYHSPPHAVYILPDRKNGGMKIEYNKAFDVMGGGHQMARHAQFNKPLGAWEEDYPLYHHLTVWTSFGKDPDDDETDHLTIVEVIKAVDLETYR,235,24515,23346
GFP_AEQVI_Sarkisyan_2016,GFP_AEQVI,DMS_score,MSKGEELFTGVVPILVELDGDVNGHKFSVSGEGEGDATYGKLTLKFICTTGKLPVPWPTLVTTLSYGVQCFSRYPDHMKQHDFFKSAMPEGYVQERTIFFKDDGNYKTRAEVKFEGDTLVNRIELKGIDFKEDGNILGHKLEYNYNSHNVYIMADKQKNGIKVNFKIRHNIEDGSVQLADHYQQNTPIGDGPVLLPDNHYLSTQSALSKDPNEKRDHMVLLEFVTAAGITHGMDELYK,238,51714,50630
GRB2_HUMAN_Faure_2021,GRB2_HUMAN,DMS_score,MEAIAKYDFKATADDELSFKRGDILKVLNEECDQNWYKAELNGKDGFIPKNYIEMKPHPWFFGKIPRAKAEEMLSKQRHDGAFLIRESESAPGDFSLSVKFGNDVQHFKVLRDGAGKYFLWVVKFNSLNELVDYHRSTSVSRNQQIFLRDIEQVPQQPTYVQALFDFDPQEDGELGFRRGDFIHVMDNSDPNWWKGACHGQTGMFPRNYVTPVNRNV,217,63366,62332
HIS7_YEAST_Pokusaeva_2019,HIS7_YEAST,DMS_score,MTEQKALVKRITNETKIQIAISLKGGPLAIEHSIFPEKEAEAVAEQATQSQVINVHTGIGFLDHMIHALAKHSGWSLIVECIGDLHIDDHHTTEDCGIALGQAFKEALGAVRGVKRFGSGFAPLDEALSRAVVDLSNRPYAVVELGLQREKVGDLSCEMIPHFLESFAEASRITLHVDCLRGKNDHHRSESAFKALAVAIREATSPNGTNDVPSTKGVLM,220,496137,495969
PABP_YEAST_Melamed_2013,PABP_YEAST,DMS_score,MADITDKTAEQLENLNIQDDQKQAATGSESQSVENSSASLYVGDLEPSVSEAHLYDIFSPIGSVSSIRVCRDAITKTSLGYAYVNFNDHEAGRKAIEQLNYTPIKGRLCRIMWSQRDPSLRKKGSGNIFIKNLHPDIDNKALYDTFSVFGDILSSKIATDENGKSKGFGFVHFEEEGAAKEAIDALNGMLLNGQEIYVAPHLSRKERDSQLEETKAHYTNLYVKNINSETTDEQFQELFAKFGPIVSASLEKDADGKLKGFGFVNYEKHEDAVKAVEALNDSELNGEKLYVGRAQKKNERMHVLKKQYEAYRLEKMAKYQGVNLFVKNLDDSVDDEKLEEEFAPYGTITSAKVMRTENGKSKGFGFVCFSTPEEATKAITEKNQQIVAGKPLYVAIAQRKDVRRSQLAQQIQARNQMRYQQATAAAAAAAAGMPGQFMPPMFYGVMPPRGVPFNGPNPQQMNPMGGMPKNGMPPQFRNGPVYGVPPQGGFPRNANDNNQFYQQKQRQALGEQLYKKVSAKTSNEEAAGKITGMILDLPPQEVFPLLESDELFEQHYKEASAAYESFKKEQEQQTEQA,577,37708,36521
PHOT_CHLRE_Chen_2023,PHOT_CHLRE,DMS_score,AGLRHTFVVADATLPDCPLVYASEGFYAMTGYGPDEVLGHNARFLQGEGTDPKEVQKIRDAIKKGEACSVRLLNYRKDGTPFWNLLTVTPIKTPDGRVSKFVGVQVDVTSKTEGKALA,118,167529,165407
Q8WTC7_9CNID_Somermeyer_2022,Q8WTC7_9CNID,DMS_score,MSKGEELFTGIVPVLIELDGDVHGHKFSVRGEGEGDADYGKLEIKFICTTGKLPVPWPTLVTTLSYGILCFARYPEHMKMNDFFKSAMPEGYIQERTIFFQDDGKYKTRGEVKFEGDTLVNRIELKGMDFKEDGNILGHKLEYNFNSHNVYIMPDKANNGLKVNFKIRHNIEGGGVQLADHYQTNVPLGDGPVLIPINHYLSCQTAISKDRNETRDHMVFLEFFSACGHTHGMDELYK,238,33510,32309
RASK_HUMAN_Weng_2022_abundance,RASK_HUMAN,DMS_score,MTEYKLVVVGAGGVGKSALTIQLIQNHFVDEYDPTIEDSYRKQVVIDGETCLLDILDTAGQEEYSAMRDQYMRTGEGFLCVFAINNTKSFEDIHHYREQIKRVKDSEDVPMVLVGNKCDLPSRTVDTKQAQDLARSYGIPFIETSAKTRQGVDDAFYTLVREIRKHKEKMSKDGKKKKKKSKTKCVIM,188,26012,22946
SPG1_STRSG_Olson_2014,SPG1_STRSG,DMS_score,MEKEKKVKYFLRKSAFGLASVSAAFLVGSTVFAVDSPIEDTPIIRNGGELTNLLGNSETTLALRNEESATADLTAAAVADTVAAAAAENAGAAAWEAAAAADALAKAKADALKEFNKYGVSDYYKNLINNAKTVEGIKDLQAQVVESAKKARISEATDGLSDFLKSQTPAEDTVKSIELAEAKVLANRELDKYGVSDYHKNLINNAKTVEGVKELIDEILAALPKTDQYKLILNGKTLKGETTTEAVDAATAEKVFKQYANDNGVDGEWTYDDATKTFTVTEKPEVIDASELTPAVTTYKLVINGKTLKGETTTKAVDAETAEKAFKQYANDNGVDGVWTYDDATKTFTVTEMVTEVPGDAPTEPEKPEASIPLVPLTPATPIAKDDAKKDDTKKEDAKKPEAKKDDAKKAETLPTTGEGSNPFFTAAALAVMAGAGALAVASKRKED,448,536962,535917
YAP1_HUMAN_Araya_2012,YAP1_HUMAN,DMS_score,MDPGQQPPPQPAPQGQGQPPSQPPQGQGPPSGPGQPAPAATQAAPQAPPAGHQIVHVRGDSETDLEALFNAVMNPKTANVPQTVPMRLRKLPDSFFKPPEPKSHSRQASTDAGTAGALTPQHVRAHSSPASLQLGAVSPGTLTPTGVVSGPAATPTAQHLRQSSFEIPDDVPLPAGWEMAKTSSGQRYFLNHIDQTTTWQDPRKAMLSQMNVTAPTSPPVQQNMMNSASGPLPDGWEQAMTQDGEIYYINHKNKTTSWLDPRLDPRFAMNQRISQSAPVKQPPPLAPQSPQGGVMGGSNSNQQQQMRLQQLQMEKERLRLKQQELLRQAMRNINPSTANSPKCQELALRSQLPTLEQDGGTQNPVSSPGMSQELRTMTTNSSDPFLNSGTYHSRDESTDSGLSMSSYSVPRTPDDFLNSVDEMDTGDTINQSTLPSQQNRFPDYLEAIPGTNVDLGTLEGDGMNIEGEELMPSLQEALSSDILNDMESVLAATKLDKESFLTWL,504,10075,9713
